{
  "flask": {
    "db_operations": {
      "insert": {
        "mean": 2.772238254547119,
        "median": 2.7681589126586914,
        "stdev": 0.21107510574103777,
        "min": 2.3016929626464844,
        "max": 3.3469200134277344
      },
      "select": {
        "mean": 0.0335240364074707,
        "median": 0.030040740966796875,
        "stdev": 0.00872241304047405,
        "min": 0.027894973754882812,
        "max": 0.09107589721679688
      },
      "update": {
        "mean": 2.346334457397461,
        "median": 2.3440122604370117,
        "stdev": 0.2772269250075392,
        "min": 0.052928924560546875,
        "max": 2.9587745666503906
      },
      "delete": {
        "mean": 2.35443115234375,
        "median": 2.3429393768310547,
        "stdev": 0.1239386271447824,
        "min": 2.110004425048828,
        "max": 2.646207809448242
      }
    },
    "complex_queries": null
  },
  "django": {
    "db_operations": {
      "insert": {
        "mean": 2.27752685546875,
        "median": 2.2646188735961914,
        "stdev": 0.11015888860176479,
        "min": 2.0902156829833984,
        "max": 2.6061534881591797
      },
      "select": {
        "mean": 0.03492593765258789,
        "median": 0.028848648071289062,
        "stdev": 0.016369883225450802,
        "min": 0.027894973754882812,
        "max": 0.1595020294189453
      },
      "update": {
        "mean": 2.335176467895508,
        "median": 2.32696533203125,
        "stdev": 0.271413987592515,
        "min": 0.05507469177246094,
        "max": 2.8874874114990234
      },
      "delete": {
        "mean": 2.3451590538024902,
        "median": 2.321481704711914,
        "stdev": 0.13826512253861362,
        "min": 2.077341079711914,
        "max": 3.040790557861328
      }
    },
    "complex_queries": null
  },
  "comparison": {
    "db_operations": {
      "insert": {
        "flask_ms": 2.772238254547119,
        "django_ms": 2.27752685546875,
        "ratio": 1.2172142988744472,
        "faster": "Django",
        "difference_percent": 21.72142988744472
      },
      "select": {
        "flask_ms": 0.0335240364074707,
        "django_ms": 0.03492593765258789,
        "ratio": 0.9598607413475323,
        "faster": "Flask",
        "difference_percent": 4.013925865246771
      },
      "update": {
        "flask_ms": 2.346334457397461,
        "django_ms": 2.335176467895508,
        "ratio": 1.004778221113203,
        "faster": "Django",
        "difference_percent": 0.47782211132030294
      },
      "delete": {
        "flask_ms": 2.35443115234375,
        "django_ms": 2.3451590538024902,
        "ratio": 1.003953718416764,
        "faster": "Django",
        "difference_percent": 0.39537184167639516
      }
    }
  }
}